Workbook

Sheet Dashboard
A1: PROJ-003 | Order & Warehouse Reconciliation
A2: Order intake • warehouse dispatch matching • discrepancy analysis • QA • reporting
A4: ="TOTAL ORDERS"&CHAR(10)&COUNTA('Dashboard Data'!$A$2:$A$42) -> TOTAL ORDERS 41 | C4: ="VERIFIED"&CHAR(10)&D11 -> VERIFIED 19 | E4: ="TRACEABILITY GAPS"&CHAR(10)&SUM(D14:D15) -> TRACEABILITY GAPS 6 | G4: ="QTY MISMATCH"&CHAR(10)&D16 -> QTY MISMATCH 2
A6: BUSINESS QUESTION
A7: How much of our order flow can be verified end-to-end between the order system and the warehouse — and where does that traceability break down?
A10: OUTCOME TYPE | D10: COUNT
A11: Verified End-to-End (Match) | D11: =COUNTIF('Dashboard Data'!$B$2:$B$42,"OK - Verified") -> 19
A12: N/A – Not Yet Shipped | D12: =COUNTIF('Dashboard Data'!$B$2:$B$42,"N/A - Not Yet Shipped") -> 9
A13: N/A – Order Cancelled | D13: =COUNTIF('Dashboard Data'!$B$2:$B$42,"N/A - Order Cancelled") -> 3
A14: Shipped, No Dispatch Record | D14: =COUNTIF('Dashboard Data'!$B$2:$B$42,"Discrepancy: Shipped but No Dispatch Record (Traceability Gap)") -> 3
A15: Dispatched, Order Status Not Updated | D15: =COUNTIF('Dashboard Data'!$B$2:$B$42,"Discrepancy: Dispatched but Order Status Not Updated (Reverse Traceability Gap)") -> 3
A16: Quantity Mismatch | D16: =COUNTIF('Dashboard Data'!$B$2:$B$42,"Discrepancy: Quantity Mismatch") -> 2
A17: Missing Order Quantity (Data Issue) | D17: =COUNTIF('Dashboard Data'!$B$2:$B$42,"Data Issue: Missing Order Quantity") -> 2
A18: VERIFIED RATE | C18: REQUIRES REVIEW RATE
A19: =D11/COUNTA('Dashboard Data'!$A$2:$A$42) -> 0.46341463 | C19: =SUM(D14:D17)/COUNTA('Dashboard Data'!$A$2:$A$42) -> 0.24390244
A20: COLOR KEY
A21: ="" | B21: Verified / on track | F21: =""
A22: ="" | B22: Not yet shipped (normal) | F22: =""
A23: ="" | B23: Cancelled (normal) | F23: =""
A24: ="" | B24: Traceability gap | F24: =""
A25: ="" | B25: Reverse traceability gap | F25: =""
A26: ="" | B26: Quantity mismatch / data issue | F26: =""
A27: Missing order quantity uses the orange data-issue color. | F27: =""
A30: WORKFLOW
A31: 01 ORDERS | B31: 02 WAREHOUSE | C31: 03 RECONCILE | D31: 04 QA | E31: 05 REPORT
A32: Portfolio note: synthetic order and warehouse data created for demonstration. No real company, client, or confidential business data is represented.

Sheet Dashboard Data
A1: Order ID | B1: Discrepancy Category
A2: ORD-1001 | B2: OK - Verified
A3: ORD-1002 | B3: OK - Verified
A4: ORD-1003 | B4: N/A - Not Yet Shipped
A5: ORD-1004 | B5: Discrepancy: Shipped but No Dispatch Record (Traceability Gap)
A6: ORD-1005 | B6: OK - Verified
A7: ORD-1006 | B7: N/A - Not Yet Shipped
A8: ORD-1007 | B8: Data Issue: Missing Order Quantity
A9: ORD-1008 | B9: N/A - Order Cancelled
A10: ORD-1009 | B10: OK - Verified
A11: ORD-1010 | B11: N/A - Not Yet Shipped
A12: ORD-1011 | B12: OK - Verified
... A42: ORD-1040 | B42: OK - Verified
